Display ID,Task Name,Task Type,Planned Start,Planned End,Actual Start,Actual End,Baseline Start,Baseline End,% Complete,Status,Selection Set,P6 Activity,WBS,Zone,Level
CHP-MS-010,Basic drawings from TS – inputs received,Construct,20/10/2025,20/10/2025,20/10/2025,20/10/2025,20/01/2026,20/01/2026,100,Completed,,JSW USL-BE-CHI-1000,CHP.1,,
CHP-MS-020,Pile drawings released,Construct,22/12/2025,22/12/2025,22/12/2025,22/12/2025,02/03/2026,02/03/2026,100,Completed,,JSW USL-DE-CHI-1000,CHP.1,,
CHP-MS-030,Civil drawings released (19531-001 to 008),Construct,07/01/2026,07/01/2026,07/01/2026,07/01/2026,24/02/2026,24/02/2026,100,Completed,,JSW USL-DE-CHI-1010,CHP.1,,
CHP-MS-040,Equipment drawings released – HOLD on chiller/pump foundations F1 & F2 released,Construct,24/09/2026,24/09/2026,24/09/2026,24/09/2026,10/10/2026,10/10/2026,100,Completed,,JSW USL-DE-CHI-1020,CHP.1,,
CHP-MS-050,Piping drawings released,Construct,19/11/2026,19/11/2026,,,03/12/2026,03/12/2026,0,Not Started,,JSW USL-DE-CHI-1030,CHP.1,,
CHP-MS-060,E&I drawings released,Construct,11/12/2026,11/12/2026,,,09/01/2027,09/01/2027,0,Not Started,,JSW USL-DE-CHI-1040,CHP.1,,
CHP-MS-070,Centrifugal chillers delivered at site,Construct,31/12/2026,31/12/2026,,,24/12/2026,24/12/2026,0,Not Started,,JSW USL-PR-2450,CHP.1,,
CHP-MS-080,Pumps delivered at site,Construct,31/12/2026,31/12/2026,,,18/09/2026,18/09/2026,0,Not Started (Late),,JSW USL-PR-2470,CHP.1,,
CHP-MS-090,Civil works complete (all RCC incl. grade slab & equipment foundations),Construct,25/11/2026,25/11/2026,,,12/10/2026,12/10/2026,0,Not Started,,,CHP.1,,
CHP-MS-100,Chiller plant ready for Mechanical Completion (feeds JSW USL-COM-1110),Construct,03/05/2027,03/05/2027,,,15/05/2027,15/05/2027,0,Not Started,,,CHP.1,,
CHP-PIL-010,Piles Row A (P1–P7),Construct,17/12/2025,20/12/2025,17/12/2025,20/12/2025,20/01/2026,23/01/2026,100,Completed,CHP-PIL-010,JSW USL-CON-CHI-1000,CHP.2,Row A,Cut-off EL(-)2.425 ; L = 26 m
CHP-PIL-020,Piles Row B (P8–P16),Construct,22/12/2025,27/12/2025,22/12/2025,27/12/2025,24/01/2026,31/01/2026,100,Completed,CHP-PIL-020,JSW USL-CON-CHI-1000,CHP.2,Row B,Cut-off EL(-)2.425 ; L = 26 m
CHP-PIL-030,Piles Row C (P17–P22),Construct,29/12/2025,31/12/2025,29/12/2025,31/12/2025,02/02/2026,04/02/2026,100,Completed,CHP-PIL-030,JSW USL-CON-CHI-1000,CHP.2,Row C,Cut-off EL(-)2.425 ; L = 26 m
CHP-PIL-040,Piles Row D (P23–P34),Construct,02/01/2026,08/01/2026,02/01/2026,08/01/2026,05/02/2026,12/02/2026,100,Completed,CHP-PIL-040,JSW USL-CON-CHI-1000,CHP.2,Row D,Cut-off EL(-)2.425 ; L = 26 m
CHP-PIL-050,Piles Rows D.1 & D.2 (P35–P41),Construct,09/01/2026,13/01/2026,09/01/2026,13/01/2026,13/02/2026,17/02/2026,100,Completed,CHP-PIL-050,JSW USL-CON-CHI-1000,CHP.2,Row D.1/D.2,Cut-off EL(-)2.425 ; L = 26 m
CHP-PIL-060,Piles Row E (P42–P53),Construct,14/01/2026,19/01/2026,14/01/2026,19/01/2026,18/02/2026,24/02/2026,100,Completed,CHP-PIL-060,JSW USL-CON-CHI-1000,CHP.2,Row E,Cut-off EL(-)2.425 ; L = 26 m
CHP-EXC-010,"Excavation, pile chipping & PCC prep – Zone-1 (Grid 1–3)",Demolish,18/02/2026,07/03/2026,18/02/2026,07/03/2026,31/03/2026,30/04/2026,100,Completed,CHP-EXC-010,JSW USL-CON-CHI-1010,CHP.3,Z1,FGL EL(-)0.500 to EL(-)2.575 (incl. PCC)
CHP-EXC-020,"Excavation, pile chipping & PCC prep – Zone-2 (Grid 3–5)",Demolish,05/03/2026,18/03/2026,05/03/2026,18/03/2026,25/04/2026,21/05/2026,100,Completed,CHP-EXC-020,JSW USL-CON-CHI-1010,CHP.3,Z2,FGL EL(-)0.500 to EL(-)2.575 (incl. PCC)
CHP-EXC-030,"Excavation, pile chipping & PCC prep – Zone-3 (Grid 5–6)",Demolish,16/03/2026,30/03/2026,16/03/2026,30/03/2026,15/05/2026,09/06/2026,100,Completed,CHP-EXC-030,JSW USL-CON-CHI-1010,CHP.3,Z3,FGL EL(-)0.500 to EL(-)2.575 (incl. PCC)
CHP-SUB-010,"PCC (M7.5) & pile caps – Zone-1 (17 nos: PC1 ×9, PC2 ×8)",Construct,08/03/2026,25/03/2026,08/03/2026,25/03/2026,17/04/2026,28/04/2026,100,Completed,CHP-SUB-010,JSW USL-CON-CHI-1020,CHP.4,Z1,B.O.C EL(-)2.500 (75 PCC M7.5 below)
CHP-SUB-020,"PCC (M7.5) & pile caps – Zone-2 (10 nos: PC1 ×4, PC2 ×6)",Construct,19/03/2026,31/03/2026,19/03/2026,31/03/2026,24/04/2026,02/05/2026,100,Completed,CHP-SUB-020,JSW USL-CON-CHI-1020,CHP.4,Z2,B.O.C EL(-)2.500 (75 PCC M7.5 below)
CHP-SUB-030,"PCC (M7.5) & pile caps – Zone-3 (8 nos: PC1 ×4, PC2 ×4)",Construct,31/03/2026,08/04/2026,31/03/2026,08/04/2026,02/05/2026,08/05/2026,100,Completed,CHP-SUB-030,JSW USL-CON-CHI-1020,CHP.4,Z3,B.O.C EL(-)2.500 (75 PCC M7.5 below)
CHP-SUB-040,Pile cap beams PCB1/PCB2/PCB3 & column pedestals (B.O.C -2.500 to -0.300) – Zone-1,Construct,26/03/2026,11/04/2026,26/03/2026,11/04/2026,29/04/2026,11/05/2026,100,Completed,CHP-SUB-040,JSW USL-CON-CHI-1020,CHP.4,Z1,EL(-)2.500 to EL(-)0.300 / Top of PCB3 to EL(-)0.300 / B/O PCB EL(-)2.400
CHP-SUB-050,Pile cap beams PCB1/PCB2 & column pedestals – Zone-2,Construct,04/04/2026,17/04/2026,04/04/2026,17/04/2026,06/05/2026,14/05/2026,100,Completed,CHP-SUB-050,JSW USL-CON-CHI-1020,CHP.4,Z2,EL(-)2.500 to EL(-)0.300 / B/O PCB EL(-)2.400
CHP-SUB-060,Pile cap beams PCB1/PCB2 & column pedestals – Zone-3,Construct,11/04/2026,22/04/2026,11/04/2026,22/04/2026,11/05/2026,18/05/2026,100,Completed,CHP-SUB-060,JSW USL-CON-CHI-1020,CHP.4,Z3,EL(-)2.500 to EL(-)0.300 / B/O PCB EL(-)2.400
CHP-SUB-070,Backfilling & compaction up to plinth level – Zone-1,Construct,13/04/2026,18/04/2026,13/04/2026,18/04/2026,12/05/2026,15/05/2026,100,Completed,CHP-SUB-070,JSW USL-CON-CHI-1020,CHP.4,Z1,EL(-)2.500 to EL(-)0.500
CHP-SUB-080,Backfilling & compaction up to plinth level – Zone-2,Construct,20/04/2026,24/04/2026,20/04/2026,24/04/2026,16/05/2026,19/05/2026,100,Completed,CHP-SUB-080,JSW USL-CON-CHI-1020,CHP.4,Z2,EL(-)2.500 to EL(-)0.500
CHP-SUB-090,Backfilling & compaction up to plinth level – Zone-3,Construct,25/04/2026,30/04/2026,25/04/2026,30/04/2026,20/05/2026,23/05/2026,100,Completed,CHP-SUB-090,JSW USL-CON-CHI-1020,CHP.4,Z3,EL(-)2.500 to EL(-)0.500
CHP-SUB-100,Plinth beams PB (TOB EL(-)0.300) – Zone-1,Construct,20/04/2026,04/05/2026,20/04/2026,04/05/2026,16/05/2026,25/05/2026,100,Completed,CHP-SUB-100,JSW USL-CON-CHI-1020,CHP.4,Z1,T.O.B EL(-)0.300
CHP-SUB-110,Plinth beams PB (TOB EL(-)0.300) – Zone-2,Construct,27/04/2026,08/05/2026,27/04/2026,08/05/2026,21/05/2026,28/05/2026,100,Completed,CHP-SUB-110,JSW USL-CON-CHI-1020,CHP.4,Z2,T.O.B EL(-)0.300
CHP-SUB-120,Plinth beams PB (TOB EL(-)0.300) – Zone-3,Construct,04/05/2026,14/05/2026,04/05/2026,14/05/2026,25/05/2026,01/06/2026,100,Completed,CHP-SUB-120,JSW USL-CON-CHI-1020,CHP.4,Z3,T.O.B EL(-)0.300
CHP-SUP-010,Columns Lift-1 (EL -0.300 to +4.000) – Zone-1 (18 nos incl. SC1),Construct,05/05/2026,20/05/2026,05/05/2026,20/05/2026,26/05/2026,05/06/2026,100,Completed,CHP-SUP-010,JSW USL-CON-CHI-1020,CHP.5,Z1,EL(-)0.300 to EL(+)4.000
CHP-SUP-020,Columns Lift-1 (EL -0.300 to +4.000) – Zone-2 (10 nos),Construct,13/05/2026,23/05/2026,13/05/2026,23/05/2026,01/06/2026,08/06/2026,100,Completed,CHP-SUP-020,JSW USL-CON-CHI-1020,CHP.5,Z2,EL(-)0.300 to EL(+)4.000
CHP-SUP-030,Columns Lift-1 (EL -0.300 to +4.000) – Zone-3 (8 nos),Construct,19/05/2026,27/05/2026,19/05/2026,27/05/2026,04/06/2026,10/06/2026,100,Completed,CHP-SUP-030,JSW USL-CON-CHI-1020,CHP.5,Z3,EL(-)0.300 to EL(+)4.000
CHP-SUP-040,Tie beam TB1 (TOB EL +2.100) at Grid 1,Construct,12/05/2026,16/05/2026,12/05/2026,16/05/2026,30/05/2026,03/06/2026,100,Completed,CHP-SUP-040,JSW USL-CON-CHI-1020,CHP.5,Z1,EL(+)2.100 TOB
CHP-SUP-050,"Staircase ST-2 – flights FLT-1 to FLT-3, landings +1.300/+2.650 up to +4.000",Construct,21/05/2026,06/06/2026,21/05/2026,06/06/2026,06/06/2026,17/06/2026,100,Completed,CHP-SUP-050,JSW USL-CON-CHI-1020,CHP.5,Z1,EL(-)0.050 to EL(+)4.000
CHP-SUP-060,"First floor beams & 150 thk slab (TOC EL +4.000) – Zone-1 (Grid 1–3, Row E–D)",Construct,21/05/2026,17/06/2026,21/05/2026,17/06/2026,06/06/2026,24/06/2026,100,Completed,CHP-SUP-060,JSW USL-CON-CHI-1020,CHP.5,Z1,T.O.C EL(+)4.000
CHP-SUP-070,"First floor beams & 150 thk slab (TOC EL +4.000) – Zone-2 (Grid 3–5, Row E–D)",Construct,04/06/2026,29/06/2026,04/06/2026,29/06/2026,16/06/2026,02/07/2026,100,Completed,CHP-SUP-070,JSW USL-CON-CHI-1020,CHP.5,Z2,T.O.C EL(+)4.000
CHP-SUP-080,"First floor beams & 150 thk slab (TOC EL +4.000) – Zone-3 (Grid 5–6, Row E–D)",Construct,16/06/2026,08/07/2026,16/06/2026,08/07/2026,24/06/2026,08/07/2026,100,Completed,CHP-SUP-080,JSW USL-CON-CHI-1020,CHP.5,Z3,T.O.C EL(+)4.000
CHP-SUP-090,"Staircase ST-1 – flights FLT-1 to FLT-3, landings +1.300/+2.650 up to +4.000",Construct,28/05/2026,13/06/2026,28/05/2026,13/06/2026,11/06/2026,22/06/2026,100,Completed,CHP-SUP-090,JSW USL-CON-CHI-1020,CHP.5,Z3,EL(-)0.050 to EL(+)4.000
CHP-SUP-100,Columns Lift-2 (EL +4.000 to +9.150) – Zone-1 (18 nos incl. SC1),Construct,18/06/2026,08/07/2026,18/06/2026,08/07/2026,25/06/2026,08/07/2026,100,Completed,CHP-SUP-100,JSW USL-CON-CHI-1020,CHP.5,Z1,EL(+)4.000 to EL(+)9.150
CHP-SUP-110,Columns Lift-2 (EL +4.000 to +9.150) – Zone-2 (10 nos),Construct,30/06/2026,15/07/2026,30/06/2026,15/07/2026,03/07/2026,13/07/2026,100,Completed,CHP-SUP-110,JSW USL-CON-CHI-1020,CHP.5,Z2,EL(+)4.000 to EL(+)9.150
CHP-SUP-120,Columns Lift-2 (EL +4.000 to +9.150) – Zone-3 (8 nos),Construct,09/07/2026,22/07/2026,09/07/2026,22/07/2026,09/07/2026,17/07/2026,100,Completed,CHP-SUP-120,JSW USL-CON-CHI-1020,CHP.5,Z3,EL(+)4.000 to EL(+)9.150
CHP-SUP-130,"Staircase ST-2 – flights FLT-4 to FLT-7, landings +5.350/+6.700/+7.900 up to +9.150",Construct,18/06/2026,13/07/2026,18/06/2026,13/07/2026,25/06/2026,11/07/2026,100,Completed,CHP-SUP-130,JSW USL-CON-CHI-1020,CHP.5,Z1,EL(+)4.000 to EL(+)9.150
CHP-SUP-140,"Staircase ST-1 – flights FLT-4 to FLT-7, landings +5.350/+6.700/+7.900 up to +9.150",Construct,09/07/2026,03/08/2026,09/07/2026,03/08/2026,09/07/2026,25/07/2026,100,Completed,CHP-SUP-140,JSW USL-CON-CHI-1020,CHP.5,Z3,EL(+)4.000 to EL(+)9.150
CHP-SUP-150,"Roof beams & 150 thk slab (TOC EL +9.150) – Zone-1 (Grid 1–3, Row E–A)",Construct,09/07/2026,12/08/2026,09/07/2026,12/08/2026,09/07/2026,01/08/2026,100,Completed,CHP-SUP-150,JSW USL-CON-CHI-1020,CHP.5,Z1,T.O.C EL(+)9.150
CHP-SUP-160,"Roof beams & 150 thk slab (TOC EL +9.150) – Zone-2 (Grid 3–5, Row E–A)",Construct,27/07/2026,28/08/2026,27/07/2026,28/08/2026,21/07/2026,12/08/2026,100,Completed,CHP-SUP-160,JSW USL-CON-CHI-1020,CHP.5,Z2,T.O.C EL(+)9.150
CHP-SUP-170,"Roof beams & 150 thk slab (TOC EL +9.150) – Zone-3 (Grid 5–6, Row E–A)",Construct,12/08/2026,09/09/2026,12/08/2026,09/09/2026,01/08/2026,20/08/2026,100,Completed,CHP-SUP-170,JSW USL-CON-CHI-1020,CHP.5,Z3,T.O.C EL(+)9.150
CHP-SUP-180,Mumty columns (EL +9.150 to +12.150) – ST-2 (C1 ×4),Construct,13/08/2026,22/08/2026,13/08/2026,22/08/2026,03/08/2026,07/08/2026,100,Completed,CHP-SUP-180,JSW USL-CON-CHI-1020,CHP.5,Z1,EL(+)9.150 to EL(+)12.150
CHP-SUP-190,Mumty roof beams RB15/RB16 & slab (TOC EL +12.150) – ST-2,Construct,24/08/2026,05/09/2026,24/08/2026,05/09/2026,08/08/2026,18/08/2026,100,Completed,CHP-SUP-190,JSW USL-CON-CHI-1020,CHP.5,Z1,T.O.C EL(+)12.150
CHP-SUP-200,Mumty columns (EL +9.150 to +12.150) – ST-1 (C1 ×4),Construct,10/09/2026,18/09/2026,10/09/2026,18/09/2026,21/08/2026,27/08/2026,100,Completed,CHP-SUP-200,JSW USL-CON-CHI-1020,CHP.5,Z3,EL(+)9.150 to EL(+)12.150
CHP-SUP-210,Mumty roof beams RB15/RB16 & slab (TOC EL +12.150) – ST-1,Construct,19/09/2026,03/10/2026,19/09/2026,,28/08/2026,05/09/2026,92,In Progress,CHP-SUP-210,JSW USL-CON-CHI-1020,CHP.5,Z3,T.O.C EL(+)12.150
CHP-GRD-010,"Cable trench T1 (1500 deep) Row D–C, Grid 6→1 incl. cable pit at Grid 6",Construct,15/05/2026,12/06/2026,15/05/2026,12/06/2026,02/06/2026,20/06/2026,100,Completed,CHP-GRD-010,JSW USL-CON-CHI-1020,CHP.6,All,"Top EL ±0.000, base EL(-)1.500 / Top EL ±0.000"
CHP-GRD-020,"Cable trench T2 (1500 deep) Row B–A, Grid 6→1",Construct,27/05/2026,20/06/2026,27/05/2026,20/06/2026,10/06/2026,26/06/2026,100,Completed,CHP-GRD-020,JSW USL-CON-CHI-1020,CHP.6,All,"Top EL ±0.000, base EL(-)1.500"
CHP-GRD-030,"Grade slab 150 thk – Row E–D block (cable cellar, toilets, shift room, ante rooms)",Construct,21/07/2026,03/08/2026,21/07/2026,03/08/2026,17/07/2026,25/07/2026,100,Completed,CHP-GRD-030,JSW USL-CON-CHI-1020,CHP.6,All,T.O.C EL ±0.000 / (-)0.050
CHP-GRD-040,Grade slab 150 thk – Row D–C strip (around trench T1),Construct,27/07/2026,06/08/2026,27/07/2026,06/08/2026,21/07/2026,28/07/2026,100,Completed,CHP-GRD-040,JSW USL-CON-CHI-1020,CHP.6,All,T.O.C EL ±0.000
CHP-GRD-050,"Chiller foundations F1-01 & F1-02 (Bays 1–2, 2–3)",Construct,03/10/2026,24/10/2026,,,05/09/2026,19/09/2026,0,Not Started (Late),CHP-GRD-050,JSW USL-CON-CHI-1020,CHP.6,Z1,T.O.C EL ±0.000
CHP-GRD-060,"Chiller foundations F1-03 & F1-04 (Bays 3–4, 4–5)",Construct,09/10/2026,30/10/2026,,,10/09/2026,23/09/2026,0,Not Started (Late),CHP-GRD-060,JSW USL-CON-CHI-1020,CHP.6,Z2,T.O.C EL ±0.000
CHP-GRD-070,Chiller foundation F1-05 (Bay 5–6),Construct,15/10/2026,29/10/2026,,,14/09/2026,22/09/2026,0,Not Started (Late),CHP-GRD-070,JSW USL-CON-CHI-1020,CHP.6,Z3,T.O.C EL ±0.000
CHP-GRD-080,Pump foundations F2-01 to F2-04 (Bays 1–3),Construct,09/10/2026,21/10/2026,,,10/09/2026,17/09/2026,0,Not Started (Late),CHP-GRD-080,JSW USL-CON-CHI-1020,CHP.6,Z1,T.O.C EL ±0.000
CHP-GRD-090,Pump foundations F2-05 to F2-08 (Bays 3–5),Construct,15/10/2026,27/10/2026,,,14/09/2026,21/09/2026,0,Not Started (Late),CHP-GRD-090,JSW USL-CON-CHI-1020,CHP.6,Z2,T.O.C EL ±0.000
CHP-GRD-100,Pump foundations F2-09 & F2-10 (Bay 5–6),Construct,21/10/2026,27/10/2026,,,17/09/2026,21/09/2026,0,Not Started (Late),CHP-GRD-100,JSW USL-CON-CHI-1020,CHP.6,Z3,T.O.C EL ±0.000
CHP-GRD-110,Cable slits (600 deep) between chiller foundations (5 nos),Construct,31/10/2026,09/11/2026,,,24/09/2026,29/09/2026,0,Not Started (Late),CHP-GRD-110,JSW USL-CON-CHI-1020,CHP.6,All,Top EL ±0.000
CHP-GRD-120,Grade slab 150 thk – Chiller room (Row C–B),Construct,10/11/2026,20/11/2026,,,30/09/2026,08/10/2026,0,Not Started (Late),CHP-GRD-120,JSW USL-CON-CHI-1020,CHP.6,All,T.O.C EL ±0.000
CHP-GRD-130,Grade slab 150 thk – Pump area (Row B–A) incl. 150×100 surface drain,Construct,13/11/2026,25/11/2026,,,05/10/2026,12/10/2026,0,Not Started,CHP-GRD-130,JSW USL-CON-CHI-1020,CHP.6,All,T.O.C EL ±0.000 / EL ±0.000
CHP-GRD-140,"Precast covers – cable trenches, cable pit & drain crossings (placement)",Construct,12/11/2026,18/11/2026,,,03/10/2026,07/10/2026,0,Not Started,CHP-GRD-140,JSW USL-CON-CHI-1020,CHP.6,All,EL ±0.000
CHP-GRD-150,"Plinth protection, garland drain & 100Ø PVC drain pipes (all round)",Construct,05/10/2026,22/10/2026,,,07/09/2026,17/09/2026,0,Not Started (Late),CHP-GRD-150,JSW USL-CON-CHI-1020,CHP.6,All,FGL EL(-)0.500 / Below FGL
CHP-ARC-010,Brickwork 230 thk – GF Row E–D block up to lintel level,Construct,05/10/2026,17/10/2026,,,05/10/2026,17/10/2026,0,Not Started,CHP-ARC-010,,CHP.7,All,EL ±0.000 to +2.100
CHP-ARC-020,Lintels & chajjas – GF (LB1–LB6),Construct,14/10/2026,21/10/2026,,,14/10/2026,21/10/2026,0,Not Started,CHP-ARC-020,,CHP.7,All,B/O lintel +2.100 to +3.400
CHP-ARC-030,Brickwork – GF above lintel up to first-floor soffit,Construct,22/10/2026,30/10/2026,,,22/10/2026,30/10/2026,0,Not Started,CHP-ARC-030,,CHP.7,All,+2.100 to +3.400
CHP-ARC-040,"Brickwork – FF (switchgear, AC & AHU rooms, ante rooms) up to lintel",Construct,27/10/2026,06/11/2026,,,27/10/2026,06/11/2026,0,Not Started,CHP-ARC-040,,CHP.7,All,+4.000 to +6.150
CHP-ARC-050,Lintels & chajjas – FF (LB7–LB9B),Construct,04/11/2026,10/11/2026,,,04/11/2026,10/11/2026,0,Not Started,CHP-ARC-050,,CHP.7,All,B/O lintel +6.150 to +7.350
CHP-ARC-060,"Brickwork – chiller hall external walls (Row A, Grid 1 & 6) incl. LB1A lintels & monorail-door openings",Construct,12/10/2026,04/11/2026,,,12/10/2026,04/11/2026,0,Not Started,CHP-ARC-060,,CHP.7,All,±0.000 to +9.150
CHP-ARC-070,Mumty brickwork & lintels LB10–LB12 – ST-1 & ST-2,Construct,05/10/2026,15/10/2026,,,05/10/2026,15/10/2026,0,Not Started,CHP-ARC-070,,CHP.7,All,+9.150 to +12.150
CHP-ARC-080,"Parapet wall, roof waterproofing, PCC wearing course & rainwater pipes",Construct,08/10/2026,26/10/2026,,,08/10/2026,26/10/2026,0,Not Started,CHP-ARC-080,,CHP.7,All,+9.150 / +12.150
CHP-ARC-090,Plastering – internal & external,Construct,11/11/2026,09/12/2026,,,11/11/2026,09/12/2026,0,Not Started,CHP-ARC-090,,CHP.7,All,All
CHP-ARC-100,"Flooring & floor finishes (GF rooms, FF, staircases)",Construct,26/11/2026,12/12/2026,,,26/11/2026,12/12/2026,0,Not Started,CHP-ARC-100,,CHP.7,All,±0.000 / +4.050
CHP-ARC-110,"Doors, windows, rolling shutters & monorail doors",Construct,28/11/2026,15/12/2026,,,28/11/2026,15/12/2026,0,Not Started,CHP-ARC-110,,CHP.7,All,All
CHP-ARC-120,Painting – internal & external,Construct,10/12/2026,04/01/2027,,,10/12/2026,04/01/2027,0,Not Started,CHP-ARC-120,,CHP.7,All,All
CHP-STL-010,"Monorail beams MR-1 (NPB 300×150, B.O.MR +8.100) & MR-2 (NPB 500×200, B.O.MR +7.900) incl. end stoppers",Construct,02/11/2026,12/11/2026,,,02/11/2026,12/11/2026,0,Not Started,CHP-STL-010,,CHP.8,All,+7.900 / +8.100 B.O.MR
CHP-STL-020,Handrails – staircases ST-1/ST-2 & removable handrails at FF openings / platforms,Construct,17/11/2026,27/11/2026,,,17/11/2026,27/11/2026,0,Not Started,CHP-STL-020,,CHP.8,All,+1.300 to +12.150
CHP-EQP-010,"Chiller CH-01 on F1-01 (Bay 1–2) – setting, levelling, alignment & grouting",Construct,02/01/2027,18/01/2027,,,15/01/2027,01/02/2027,0,Not Started,CHP-EQP-010,JSW USL-CON-CHI-1030,CHP.9,Z1,EL ±0.000
CHP-EQP-020,"Chiller CH-02 on F1-02 (Bay 2–3) – setting, levelling, alignment & grouting",Construct,12/01/2027,28/01/2027,,,25/01/2027,10/02/2027,0,Not Started,CHP-EQP-020,JSW USL-CON-CHI-1030,CHP.9,Z1,EL ±0.000
CHP-EQP-030,"Chiller CH-03 on F1-03 (Bay 3–4) – setting, levelling, alignment & grouting",Construct,21/01/2027,06/02/2027,,,04/02/2027,19/02/2027,0,Not Started,CHP-EQP-030,JSW USL-CON-CHI-1030,CHP.9,Z2,EL ±0.000
CHP-EQP-040,"Chiller CH-04 on F1-04 (Bay 4–5) – setting, levelling, alignment & grouting",Construct,01/02/2027,16/02/2027,,,13/02/2027,01/03/2027,0,Not Started,CHP-EQP-040,JSW USL-CON-CHI-1030,CHP.9,Z2,EL ±0.000
CHP-EQP-050,"Chiller CH-05 on F1-05 (Bay 5–6) – setting, levelling, alignment & grouting",Construct,10/02/2027,25/02/2027,,,23/02/2027,11/03/2027,0,Not Started,CHP-EQP-050,JSW USL-CON-CHI-1030,CHP.9,Z3,EL ±0.000
CHP-EQP-060,Hoists – 2T chain pulley block on MR-1 & 10T electric hoist on MR-2,Construct,02/01/2027,07/01/2027,,,15/01/2027,20/01/2027,0,Not Started,CHP-EQP-060,JSW USL-CON-CHI-1030,CHP.9,All,B.O.MR +8.100 / B.O.MR +7.900
CHP-EQP-070,"Pumps P-01 to P-04 on F2-01..04 (Bays 1–3) – setting, alignment & grouting",Construct,14/01/2027,28/01/2027,,,28/01/2027,10/02/2027,0,Not Started,CHP-EQP-070,JSW USL-CON-CHI-1030,CHP.9,Z1,EL ±0.000
CHP-EQP-080,"Pumps P-05 to P-08 on F2-05..08 (Bays 3–5) – setting, alignment & grouting",Construct,23/01/2027,06/02/2027,,,06/02/2027,19/02/2027,0,Not Started,CHP-EQP-080,JSW USL-CON-CHI-1030,CHP.9,Z2,EL ±0.000
CHP-EQP-090,"Pumps P-09 & P-10 on F2-09..10 (Bay 5–6) – setting, alignment & grouting",Construct,03/02/2027,11/02/2027,,,16/02/2027,24/02/2027,0,Not Started,CHP-EQP-090,JSW USL-CON-CHI-1030,CHP.9,Z3,EL ±0.000
CHP-EQP-100,"Final alignment, motor/drive coupling & box-up of chillers and pumps",Construct,26/02/2027,20/03/2027,,,12/03/2027,03/04/2027,0,Not Started,CHP-EQP-100,JSW USL-CON-CHI-1030,CHP.9,All,±0.000
CHP-PIP-010,Pipe supports & sleepers – chiller hall,Construct,27/01/2027,12/02/2027,,,09/02/2027,25/02/2027,0,Not Started,CHP-PIP-010,JSW USL-CON-CHI-1040,CHP.10,All,±0.000 to +3.0
CHP-PIP-020,CHW & CW headers (supply / return) – fabrication & erection,Construct,05/02/2027,05/03/2027,,,18/02/2027,19/03/2027,0,Not Started,CHP-PIP-020,JSW USL-CON-CHI-1040,CHP.10,All,Header elevation
CHP-PIP-030,"Chiller hook-up piping CH-01..CH-05 incl. valves, strainers & flexible connectors",Construct,26/02/2027,23/03/2027,,,12/03/2027,05/04/2027,0,Not Started,CHP-PIP-030,JSW USL-CON-CHI-1040,CHP.10,All,±0.000 to +3.0
CHP-PIP-040,Pump suction / discharge hook-up P-01..P-10,Construct,19/02/2027,12/03/2027,,,04/03/2027,26/03/2027,0,Not Started,CHP-PIP-040,JSW USL-CON-CHI-1040,CHP.10,All,±0.000 to +2.0
CHP-PIP-050,"Hydro test, flushing & reinstatement",Construct,24/03/2027,08/04/2027,,,06/04/2027,21/04/2027,0,Not Started,CHP-PIP-050,JSW USL-CON-CHI-1040,CHP.10,All,All
CHP-ELE-010,"Cable trays & supports – trenches T1/T2, cable pit & cable cellar",Construct,02/02/2027,24/02/2027,,,15/02/2027,10/03/2027,0,Not Started,CHP-ELE-010,JSW USL-CON-CHI-1050,CHP.11,All,EL(-)1.500 to ±0.000
CHP-ELE-020,"Cable trays & supports – chiller hall, switchgear room & first floor",Construct,11/02/2027,05/03/2027,,,24/02/2027,19/03/2027,0,Not Started,CHP-ELE-020,JSW USL-CON-CHI-1050,CHP.11,All,+0.000 to +8.0
CHP-ELE-030,"Cable laying, glanding & termination (power & control)",Construct,19/02/2027,27/03/2027,,,04/03/2027,09/04/2027,0,Not Started,CHP-ELE-030,JSW USL-CON-CHI-1050,CHP.11,All,All
CHP-ELE-040,Earthing & lightning protection,Construct,19/02/2027,08/03/2027,,,04/03/2027,23/03/2027,0,Not Started,CHP-ELE-040,JSW USL-CON-CHI-1060,CHP.11,All,All
CHP-ELE-050,"Lighting fixtures, JBs & small power",Construct,25/02/2027,14/04/2027,,,11/03/2027,27/04/2027,0,Not Started,CHP-ELE-050,JSW USL-CON-CHI-1060,CHP.11,All,All
CHP-ELE-060,"Switchgear room panels (6.6 kV SWBD, ESS6-PDB-1) – placement & termination",Construct,19/02/2027,15/03/2027,,,04/03/2027,29/03/2027,0,Not Started,CHP-ELE-060,JSW USL-CON-CHI-1060,CHP.11,All,+4.050 FFL
CHP-INS-010,Field instruments installation (PT / TT / FT / flow switches),Construct,10/03/2027,08/04/2027,,,24/03/2027,21/04/2027,0,Not Started,CHP-INS-010,JSW USL-CON-CHI-1070,CHP.11,All,±0.000 to +3.0
CHP-INS-020,"Instrument cabling, impulse tubing & loop checks",Construct,23/03/2027,03/05/2027,,,05/04/2027,15/05/2027,0,Not Started,CHP-INS-020,JSW USL-CON-CHI-1070,CHP.11,All,All
